{"cameraMode":{"drawMode":0,"name":"Shaded","section":"Shading Mode"},"sceneLighting":false,"audioPlay":false,"sceneViewState":{"showFog":true,"showMaterialUpdate":false,"showSkybox":true,"showFlares":true,"showImageEffects":true,"showParticleSystems":true},"in2DMode":false,"pivot":{"x":-4.237680912017822,"y":1.7958707809448243,"z":-1.2606289386749268},"rotation":{"x":-0.23244893550872804,"y":-0.4476502537727356,"z":0.12172479182481766,"w":-0.854844868183136},"size":6.836625576019287,"orthographic":false}