{"cameraMode":{"drawMode":0,"name":"Shaded","section":"Shading Mode"},"sceneLighting":false,"audioPlay":false,"sceneViewState":{"showFog":true,"showMaterialUpdate":false,"showSkybox":true,"showFlares":true,"showImageEffects":true,"showParticleSystems":true},"in2DMode":false,"pivot":{"x":1.4901161193847657e-8,"y":0.4650000333786011,"z":-0.6340000033378601},"rotation":{"x":0.016877630725502969,"y":-0.6610186696052551,"z":0.014876781031489373,"w":0.7500321269035339},"size":1.750089406967163,"orthographic":true}