{"cameraMode":{"drawMode":0,"name":"Shaded","section":"Shading Mode"},"sceneLighting":false,"audioPlay":false,"sceneViewState":{"showFog":true,"showMaterialUpdate":false,"showSkybox":true,"showFlares":true,"showImageEffects":true,"showParticleSystems":true},"in2DMode":false,"pivot":{"x":-5.16850471496582,"y":-23.610544204711915,"z":-85.9000015258789},"rotation":{"x":-0.33658716082572939,"y":0.6041841506958008,"z":-0.31224462389945986,"w":-0.6512864232063294},"size":2.8578836917877199,"orthographic":false}