{"cameraMode":{"drawMode":0,"name":"Shaded","section":"Shading Mode"},"sceneLighting":false,"audioPlay":false,"sceneViewState":{"showFog":true,"showMaterialUpdate":false,"showSkybox":true,"showFlares":true,"showImageEffects":true,"showParticleSystems":true},"in2DMode":false,"pivot":{"x":0.8160684108734131,"y":14.861551284790039,"z":-9.226999282836914},"rotation":{"x":-0.3502272665500641,"y":-0.06819985806941986,"z":0.02557794190943241,"w":-0.9338284134864807},"size":3.7578835487365724,"orthographic":false}