{"cameraMode":{"drawMode":0,"name":"Shaded","section":"Shading Mode"},"sceneLighting":false,"audioPlay":false,"sceneViewState":{"showFog":true,"showMaterialUpdate":false,"showSkybox":true,"showFlares":true,"showImageEffects":true,"showParticleSystems":true},"in2DMode":false,"pivot":{"x":0.0957137942314148,"y":14.930791854858399,"z":-9.060113906860352},"rotation":{"x":-0.3502272665500641,"y":-0.06819985806941986,"z":0.02557794190943241,"w":-0.9338284134864807},"size":3.457883834838867,"orthographic":false}