{"cameraMode":{"drawMode":0,"name":"Shaded","section":"Shading Mode"},"sceneLighting":false,"audioPlay":false,"sceneViewState":{"showFog":true,"showMaterialUpdate":false,"showSkybox":true,"showFlares":true,"showImageEffects":true,"showParticleSystems":true},"in2DMode":false,"pivot":{"x":-5.5,"y":11.299999237060547,"z":-20.600000381469728},"rotation":{"x":0.19645173847675324,"y":-0.3197394907474518,"z":0.06794881075620651,"w":0.9244222044944763},"size":132.257568359375,"orthographic":true}