{"cameraMode":{"drawMode":0,"name":"Shaded","section":"Shading Mode"},"sceneLighting":false,"audioPlay":false,"sceneViewState":{"showFog":true,"showMaterialUpdate":false,"showSkybox":true,"showFlares":true,"showImageEffects":true,"showParticleSystems":true},"in2DMode":false,"pivot":{"x":87.44117736816406,"y":93.58133697509766,"z":971.6099853515625},"rotation":{"x":0.5076293349266052,"y":0.04929349943995476,"z":-0.029106954112648965,"w":0.8596717715263367},"size":11.341876029968262,"orthographic":false}