{"cameraMode":{"drawMode":0,"name":"Shaded","section":"Shading Mode"},"sceneLighting":false,"audioPlay":false,"sceneViewState":{"showFog":true,"showMaterialUpdate":false,"showSkybox":true,"showFlares":true,"showImageEffects":true,"showParticleSystems":true},"in2DMode":false,"pivot":{"x":-25.706348419189454,"y":2.9913082122802736,"z":155.01583862304688},"rotation":{"x":-0.2526615262031555,"y":0.6261693835258484,"z":-0.22524698078632356,"w":-0.7023801207542419},"size":8.573651313781739,"orthographic":false}