{"cameraMode":{"drawMode":0,"name":"Shaded","section":"Shading Mode"},"sceneLighting":false,"audioPlay":false,"sceneViewState":{"showFog":true,"showMaterialUpdate":false,"showSkybox":true,"showFlares":true,"showImageEffects":true,"showParticleSystems":true},"in2DMode":false,"pivot":{"x":-4.409092903137207,"y":2.295626640319824,"z":94.78866577148438},"rotation":{"x":0.43415340781211855,"y":-0.08947267383337021,"z":0.04338589683175087,"w":0.8953341245651245},"size":15.629964828491211,"orthographic":false}