{"cameraMode":{"drawMode":0,"name":"Shaded","section":"Shading Mode"},"sceneLighting":false,"audioPlay":false,"sceneViewState":{"showFog":true,"showMaterialUpdate":false,"showSkybox":true,"showFlares":true,"showImageEffects":true,"showParticleSystems":true},"in2DMode":false,"pivot":{"x":-23.029809951782228,"y":-0.9942026138305664,"z":65.14098358154297},"rotation":{"x":-0.12578658759593965,"y":0.6295903921127319,"z":-0.10423405468463898,"w":-0.7595584392547607},"size":52.825775146484378,"orthographic":true}