{"cameraMode":{"drawMode":0,"name":"Shaded","section":"Shading Mode"},"sceneLighting":false,"audioPlay":false,"sceneViewState":{"showFog":true,"showMaterialUpdate":false,"showSkybox":true,"showFlares":true,"showImageEffects":true,"showParticleSystems":true},"in2DMode":false,"pivot":{"x":-3.499129295349121,"y":3.0,"z":147.87338256835938},"rotation":{"x":-0.3502272665500641,"y":-0.06819985806941986,"z":0.02557794190943241,"w":-0.9338284134864807},"size":2.8578836917877199,"orthographic":false}