{"cameraMode":{"drawMode":0,"name":"Shaded","section":"Shading Mode"},"sceneLighting":false,"audioPlay":false,"sceneViewState":{"showFog":true,"showMaterialUpdate":false,"showSkybox":true,"showFlares":true,"showImageEffects":true,"showParticleSystems":true},"in2DMode":false,"pivot":{"x":35.977012634277347,"y":-89.1170425415039,"z":191.4528350830078},"rotation":{"x":0.23563380539417268,"y":-0.014577225781977177,"z":0.0035342583432793619,"w":0.9717261791229248},"size":437.8789978027344,"orthographic":true}