{"cameraMode":{"drawMode":0,"name":"Shaded","section":"Shading Mode"},"sceneLighting":false,"audioPlay":false,"sceneViewState":{"showFog":true,"showMaterialUpdate":false,"showSkybox":true,"showFlares":true,"showImageEffects":true,"showParticleSystems":true},"in2DMode":false,"pivot":{"x":-8.899999618530274,"y":7.699999809265137,"z":0.0},"rotation":{"x":0.09482400864362717,"y":-0.24930286407470704,"z":0.024509351700544359,"w":0.9634603261947632},"size":20.20829200744629,"orthographic":true}