{"cameraMode":{"drawMode":0,"name":"Shaded","section":"Shading Mode"},"sceneLighting":false,"audioPlay":false,"sceneViewState":{"showFog":true,"showMaterialUpdate":false,"showSkybox":true,"showFlares":true,"showImageEffects":true,"showParticleSystems":true},"in2DMode":false,"pivot":{"x":-0.27704983949661257,"y":1.0272988080978394,"z":-0.6092046499252319},"rotation":{"x":0.0024019733536988498,"y":-0.9974734783172607,"z":-0.05751940608024597,"w":-0.04162243753671646},"size":2.600799560546875,"orthographic":true}