{"cameraMode":{"drawMode":0,"name":"Shaded","section":"Shading Mode"},"sceneLighting":false,"audioPlay":false,"sceneViewState":{"showFog":true,"showMaterialUpdate":false,"showSkybox":true,"showFlares":true,"showImageEffects":true,"showParticleSystems":true},"in2DMode":false,"pivot":{"x":-65.0999984741211,"y":-7.184899806976318,"z":216.03890991210938},"rotation":{"x":-0.3052732050418854,"y":0.12861871719360352,"z":-0.04164787009358406,"w":-0.9426192045211792},"size":14.289420127868653,"orthographic":true}