{"cameraMode":{"drawMode":0,"name":"Shaded","section":"Shading Mode"},"sceneLighting":false,"audioPlay":false,"sceneViewState":{"showFog":true,"showMaterialUpdate":false,"showSkybox":true,"showFlares":true,"showImageEffects":true,"showParticleSystems":true},"in2DMode":false,"pivot":{"x":12.432480812072754,"y":4.752310752868652,"z":141.69961547851563},"rotation":{"x":-0.3393933176994324,"y":0.05132097005844116,"z":-0.018548332154750825,"w":-0.9390603303909302},"size":16.506502151489259,"orthographic":false}