{"cameraMode":{"drawMode":0,"name":"Shaded","section":"Shading Mode"},"sceneLighting":false,"audioPlay":false,"sceneViewState":{"showFog":true,"showMaterialUpdate":false,"showSkybox":true,"showFlares":true,"showImageEffects":true,"showParticleSystems":true},"in2DMode":false,"pivot":{"x":-2.0999984741210939,"y":7.0,"z":27.48999786376953},"rotation":{"x":0.25682440400123598,"y":-0.3845750391483307,"z":0.11226950585842133,"w":0.8795105814933777},"size":125.9307861328125,"orthographic":true}