{"cameraMode":{"drawMode":0,"name":"Shaded","section":"Shading Mode"},"sceneLighting":false,"audioPlay":false,"sceneViewState":{"showFog":true,"showMaterialUpdate":false,"showSkybox":true,"showFlares":true,"showImageEffects":true,"showParticleSystems":true},"in2DMode":false,"pivot":{"x":9.324450492858887,"y":4.819509029388428,"z":114.33940124511719},"rotation":{"x":-0.3892700970172882,"y":0.30089718103408816,"z":-0.1362008899450302,"w":-0.8598715662956238},"size":66.09659576416016,"orthographic":false}