{"cameraMode":{"drawMode":0,"name":"Shaded","section":"Shading Mode"},"sceneLighting":false,"audioPlay":false,"sceneViewState":{"showFog":true,"showMaterialUpdate":false,"showSkybox":true,"showFlares":true,"showImageEffects":true,"showParticleSystems":true},"in2DMode":false,"pivot":{"x":-18.399999618530275,"y":7.0,"z":42.439998626708987},"rotation":{"x":0.1717158406972885,"y":-0.5234373211860657,"z":0.10859408974647522,"w":0.8274867534637451},"size":23.566715240478517,"orthographic":true}