{"cameraMode":{"drawMode":0,"name":"Shaded","section":"Shading Mode"},"sceneLighting":true,"audioPlay":false,"sceneViewState":{"showFog":true,"showMaterialUpdate":false,"showSkybox":true,"showFlares":true,"showImageEffects":true,"showParticleSystems":true},"in2DMode":false,"pivot":{"x":11.666053771972657,"y":13.561727523803711,"z":1105.8968505859375},"rotation":{"x":-0.5222645401954651,"y":0.24168147146701814,"z":-0.15727388858795167,"w":-0.8025552034378052},"size":44.961753845214847,"orthographic":false}