{"cameraMode":{"drawMode":0,"name":"Shaded","section":"Shading Mode"},"sceneLighting":false,"audioPlay":false,"sceneViewState":{"showFog":true,"showMaterialUpdate":false,"showSkybox":true,"showFlares":true,"showImageEffects":true,"showParticleSystems":true},"in2DMode":false,"pivot":{"x":19.48450469970703,"y":2.6903252601623537,"z":47.962615966796878},"rotation":{"x":-0.4441949129104614,"y":0.08632583171129227,"z":-0.043033208698034289,"w":-0.8907226920127869},"size":8.573651313781739,"orthographic":false}